<?xml version="1.0" encoding="utf-8"?>
<odoo>
    <data noupdate="1">
        <!--Journal Account-->
        <record id="a_institutional_fees" model="account.account">
            <field name="company_id" ref="base.main_company"/>
            <field name="code">100110</field>
            <field name="name">Institutional Fee</field>
            <field name="reconcile" eval="True"/>
            <field name="account_type">income</field>
        </record>
        <record id="a_hostel_fees" model="account.account">
            <field name="company_id" ref="base.main_company"/>
            <field name="code">111110</field>
            <field name="name">Hostel Fee</field>
            <field name="reconcile" eval="True"/>
            <field name="account_type">income</field>
        </record>
        <record id="a_transportation_fees" model="account.account">
            <field name="company_id" ref="base.main_company"/>
            <field name="code">120110</field>
            <field name="name">Transportation Fee</field>
            <field name="reconcile" eval="True"/>
            <field name="account_type">income</field>
        </record>
        <record id="a_other_fees" model="account.account">
            <field name="code">20011014</field>
            <field name="name">Other Fee</field>
            <field name="account_type">income</field>
        </record>
    </data>
</odoo>
