<?xml version="1.0" encoding="utf-8"?>
<odoo>
    <data noupdate="1">
        <!--        Journal-->
        <record id="account_journal_institutional_fees" model="account.journal">
            <field name="name">Institutional Fee</field>
            <field name="type">sale</field>
            <field name="code">IFEE</field>
            <field name="default_account_id" ref="education_fee.a_institutional_fees"/>
            <field name="refund_sequence" eval="True"/>
            <field name="is_fee">True</field>
        </record>
        <record id="account_journal_hostel_fees" model="account.journal">
            <field name="name">Hostel Fee</field>
            <field name="type">sale</field>
            <field name="default_account_id" ref="education_fee.a_hostel_fees"/>
            <field name="code">HFEE</field>
            <field name="refund_sequence" eval="True"/>
            <field name="is_fee">True</field>
        </record>
        <record id="account_journal_transportation_fees"
                model="account.journal">
            <field name="name">Transportations Fee</field>
            <field name="type">sale</field>
            <field name="default_account_id" ref="education_fee.a_transportation_fees"/>
            <field name="code">TFEE</field>
            <field name="refund_sequence" eval="True"/>
            <field name="is_fee">True</field>
        </record>
        <record id="account_journal_other_fees" model="account.journal">
            <field name="name">Other Fee</field>
            <field name="type">sale</field>
            <field name="default_account_id" ref="education_fee.a_other_fees"/>
            <field name="code">OFEE</field>
            <field name="refund_sequence" eval="True"/>
            <field name="is_fee">True</field>
        </record>
    </data>
</odoo>
