<?xml version="1.0" encoding="utf-8"?>
<odoo>
    <data noupdate="1">
        <!--        Education fee type demo-->
        <record id="education_fee_type1" model="education.fee.type">
            <field name="name">Tuition Fee</field>
            <field name="interval">Annually</field>
            <field name="payment_type">peryear</field>
            <field name="description_sale">The Fee which has to be remitted in
                institution as tuition fee
            </field>
            <field name="lst_price">1500</field>
            <field name="category_id" ref="education_fee.education_fee_category1"/>
        </record>
        <record id="education_fee_type2" model="education.fee.type">
            <field name="name">Admission Fee</field>
            <field name="interval">One time</field>
            <field name="payment_type">onetime</field>
            <field name="description_sale">The Fee which has to be remitted in
                institution when joining
            </field>
            <field name="lst_price">1000</field>
            <field name="category_id" ref="education_fee.education_fee_category1"/>
        </record>
    </data>
</odoo>