<?xml version="1.0" encoding="utf-8"?>
<odoo>
    <data noupdate="1">
        <!-- Institutional Fee Category -->
        <record id="education_fee_category1" model="education.fee.category">
            <field name="name">Institutional</field>
            <field name="journal_id" ref="education_fee.account_journal_institutional_fees"/>
            <field name="fee_structure">1</field>
        </record>
        <!-- Transportation Fee Category -->
        <record id="education_fee_category2" model="education.fee.category">
            <field name="name">Transportation</field>
            <field name="journal_id" ref="education_fee.account_journal_transportation_fees"/>
            <field name="fee_structure">0</field>
        </record>
    </data>
</odoo>
