<?xml version="1.0" encoding="utf-8"?>
<openerp>
    <data noupdate="1">
        <record model="ir.module.category" id="module_category_education">
            <field name="name">Education</field>
            <field name="sequence">102</field>
        </record>
        <record id="group_education_manager" model="res.groups">
            <field name="name">Manager</field>
            <field name="category_id" ref="module_category_education"/>
        </record>
        <record id="group_education_user" model="res.groups">
            <field name="name">User</field>
            <field name="category_id" ref="module_category_education"/>
        </record>
        <record id="group_education_teacher" model="res.groups">
            <field name="name">Teacher</field>
            <field name="category_id" ref="module_category_education"/>
        </record>
        <record id="group_education_tutor" model="res.groups">
            <field name="name">Tutor</field>
            <field name="category_id" ref="module_category_education"/>
        </record>
        <record id="group_education_student" model="res.groups">
            <field name="name">Student</field>
            <field name="category_id" ref="module_category_education"/>
        </record>
        <record id="enrollment_student_rule" model="ir.rule">
            <field name="name">Enrollments</field>
            <field ref="model_edu_enrollment" name="model_id"/>
            <field name="domain_force">[('student_id','=',user.partner_id.id)]</field>
            <field name="groups" eval="[(4, ref('education.group_education_student'))]"/>
        </record>
        <record model="ir.rule" id="res_partner_student_tutor_teacher_rule">
            <field name="name">res_partner: portal/public: read access to education student, tutor and teacher</field>
            <field name="model_id" ref="base.model_res_partner"/>
            <field name="domain_force">[]</field>
            <field name="groups" eval="[(4, ref('education.group_education_student')), (4, ref('education.group_education_tutor')), (4, ref('education.group_education_teacher'))]"/>
            <field name="perm_create" eval="False"/>
            <field name="perm_unlink" eval="False"/>
            <field name="perm_write" eval="False"/>
        </record>
    </data>
</openerp>

